{"resourceType":"CodeSystem","id":"THREEMAPDRG","text":{"status":"generated","div":"<div xmlns=\"http://www.w3.org/1999/xhtml\"><p>This code system http://uri.hddaccess.com/cs/apdrg defines many codes, but they are not represented here</p></div>"},"url":"http://uri.hddaccess.com/cs/apdrg","version":"1.1.0","name":"THREEMAPDRG","title":"All Patient Diagnosis Related Groups (AP-DRGs)","status":"active","date":"2021-07-02T17:56:20+00:00","publisher":"HL7 Financial Management Working Group","contact":[{"name":"HL7 Financial Management Working Group","telecom":[{"system":"url","value":"http://www.hl7.org/Special/committees/fm/index.cfm"},{"system":"email","value":"fm@lists.HL7.org"}]}],"description":"In 1987, the state of New York passed legislation instituting a DRG-based prospective payment system for all non-Medicare patients. The legislation included a requirement that the New York State Department of Health (NYDH) evaluate the applicability of the DRGs to a non-Medicare population. In particular, the legislation required that the DRGs be evaluated with respect to neonates and patients with Human Immunodeficiency Virus (HIV) infections. NYDH entered into an agreement with 3M HIS to assist with the evaluation of the need for DRG modifications as well as to make the necessary changes in the DRG definitions and software. The DRG definitions developed by NYDH and 3M HIS are referred to as the All Patient DRGs (AP DRGs).\n\nThe AP DRG code system is no longer updated as DRG classification system evolved to APR DRG. Evolution of DRG is summarized in the APR DRG methodology overview as well as in various articles.\n\n\nGoldfield N. The evolution of diagnosis-related groups (DRGs): from its beginnings in case-mix and resource use theory, to its implementation for payment and now for its current utilization for quality within and outside the hospital. Qual Manage Health Care. 2010;19(1)3-16.\n\n\nAverill RF, Goldfield NI, Muldoon J, Steinbeck BA, Grant TM. A closer look at All-Patient Refined DRGs. J AHIMA. 2002;73(1):46-49.\n\n[https://apps.3mhis.com/docs/Groupers/All\\_Patient\\_Refined\\_DRG/Methodology\\_overview\\_GRP041/grp041\\_aprdrg\\_meth\\_overview.pdf](https://apps.3mhis.com/docs/Groupers/All_Patient_Refined_DRG/Methodology_overview_GRP041/grp041_aprdrg_meth_overview.pdf)","jurisdiction":[{"coding":[{"system":"urn:iso:std:iso:3166","code":"US"}]}],"content":"not-present"}