{"resourceType":"CodeSystem","id":"C4BBClaimProcedureType","text":{"status":"generated","div":"<div xmlns=\"http://www.w3.org/1999/xhtml\"><p>This code system http://hl7.org/fhir/us/carin-bb/CodeSystem/C4BBClaimProcedureType defines the following codes:</p><table class=\"codes\"><tr><td style=\"white-space:nowrap\"><b>Code</b></td><td><b>Display</b></td><td><b>Definition</b></td></tr><tr><td style=\"white-space:nowrap\">principal<a name=\"C4BBClaimProcedureType-principal\"> </a></td><td>Principal</td><td>The Principal Procedure is based on the relation of the procedure to the Principal Diagnosis</td></tr><tr><td style=\"white-space:nowrap\">other<a name=\"C4BBClaimProcedureType-other\"> </a></td><td>Other</td><td>Other procedures performed during the inpatient institutional admission</td></tr></table></div>"},"url":"http://hl7.org/fhir/us/carin-bb/CodeSystem/C4BBClaimProcedureType","version":"1.1.0","name":"C4BBClaimProcedureType","title":"C4BB Claim Procedure Type","status":"active","date":"2021-07-02T17:56:20+00:00","publisher":"HL7 Financial Management Working Group","contact":[{"name":"HL7 Financial Management Working Group","telecom":[{"system":"url","value":"http://www.hl7.org/Special/committees/fm/index.cfm"},{"system":"email","value":"fm@lists.HL7.org"}]}],"description":"Indicates if the inpatient institutional procedure (ICD-PCS) is the principal procedure or another procedure","jurisdiction":[{"coding":[{"system":"urn:iso:std:iso:3166","code":"US"}]}],"copyright":"This CodeSystem is not copyrighted.","content":"complete","count":2,"concept":[{"code":"principal","display":"Principal","definition":"The Principal Procedure is based on the relation of the procedure to the Principal Diagnosis"},{"code":"other","display":"Other","definition":"Other procedures performed during the inpatient institutional admission"}]}