{"resourceType":"CodeSystem","id":"THREEMAPRDRG","text":{"status":"generated","div":"<div xmlns=\"http://www.w3.org/1999/xhtml\"><p>This code system http://uri.hddaccess.com/cs/aprdrg defines many codes, but they are not represented here</p></div>"},"url":"http://uri.hddaccess.com/cs/aprdrg","version":"1.1.0","name":"THREEMAPRDRG","title":"All Patient Refined Diagnosis Related Groups (APR-DRGs)","status":"active","date":"2021-07-02T17:56:20+00:00","publisher":"HL7 Financial Management Working Group","contact":[{"name":"HL7 Financial Management Working Group","telecom":[{"system":"url","value":"http://www.hl7.org/Special/committees/fm/index.cfm"},{"system":"email","value":"fm@lists.HL7.org"}]}],"description":"3M APR DRGs have become the standard across the U.S. for classifying hospital inpatients in non-Medicare populations. As of January 2019, 27 state Medicaid programs use 3M APR DRGs to pay hospitals, as do approximately a dozen commercial payers and Medicaid managed care organizations. Over 2,400 hospitals have licensed 3M APR DRGs to verify payment and analyze their internal operations.\n\nThe 3M APR DRG methodology classifies hospital inpatients according to their reason for admission, severity of illness and risk of mortality.\n\nEach year 3M calculates and releases a set of statistics for each 3M APR DRG based on our analysis of large national data sets. These statistics include a relative weight for each 3M APR DRG. The relative weight reflects the average hospital resource use for a patient in that 3M APR DRG relative to the average hospital resource use of all inpatients. Please note that payers and other users of the 3M APR DRG methodology are responsible for ensuring that they use relative weights that are appropriate for their particular populations. The 3M APR DRG statistics also include data for each 3M APR DRG on relative frequency, average length of stay, average charges and incidence of mortality.\n\n3M APR DRGs can be rolled up into broader categories. The 326 base DRGs roll up into 25 major diagnostic categories (MDCs) plus a pre-MDC category. An example is MDC 04, Diseases and Disorders of the Respiratory System. As well, each 3M APR DRG is assigned to a service line that is consistent with the outpatient service lines that are defined by the 3M™ Enhanced Ambulatory Patient Groups (EAPGs).\n\nLink to information about the code system - including how to obtain the content from 3M - is available [here.](https://www.3m.com/3M/en_US/health-information-systems-us/drive-value-based-care/patient-classification-methodologies/apr-drgs/)","jurisdiction":[{"coding":[{"system":"urn:iso:std:iso:3166","code":"US"}]}],"copyright":"The clinical logic is maintained by a team of 3M clinicians, data analysts, nosologists, programmers and economists. The logic is proprietary to 3M but is available for licensees to view in an online definitions manual.\n\nTo license APR DRG from 3M, see request form [here](https://engage.3m.com/PPS_Groupers_Contact)","content":"not-present"}