{"resourceType":"CodeSystem","id":"C4BBInstitutionalClaimSubType","text":{"status":"generated","div":"<div xmlns=\"http://www.w3.org/1999/xhtml\"><p>This code system http://hl7.org/fhir/us/carin-bb/CodeSystem/C4BBInstitutionalClaimSubType defines the following codes:</p><table class=\"codes\"><tr><td style=\"white-space:nowrap\"><b>Code</b></td><td><b>Display</b></td><td><b>Definition</b></td></tr><tr><td style=\"white-space:nowrap\">inpatient<a name=\"C4BBInstitutionalClaimSubType-inpatient\"> </a></td><td>Inpatient</td><td>Claims for inpatient institutional admissions.</td></tr><tr><td style=\"white-space:nowrap\">outpatient<a name=\"C4BBInstitutionalClaimSubType-outpatient\"> </a></td><td>Outpatient</td><td>Claims for outpatient institutional admissions.</td></tr></table></div>"},"url":"http://hl7.org/fhir/us/carin-bb/CodeSystem/C4BBInstitutionalClaimSubType","version":"1.1.0","name":"C4BBInstitutionalClaimSubType","title":"C4BB Institutional Claim SubType","status":"active","date":"2021-07-02T17:56:20+00:00","publisher":"HL7 Financial Management Working Group","contact":[{"name":"HL7 Financial Management Working Group","telecom":[{"system":"url","value":"http://www.hl7.org/Special/committees/fm/index.cfm"},{"system":"email","value":"fm@lists.HL7.org"}]}],"description":"Indicates if institutional ExplanationOfBenefit is inpatient or outpatient.","jurisdiction":[{"coding":[{"system":"urn:iso:std:iso:3166","code":"US"}]}],"copyright":"This CodeSystem is not copyrighted.","content":"complete","count":2,"concept":[{"code":"inpatient","display":"Inpatient","definition":"Claims for inpatient institutional admissions."},{"code":"outpatient","display":"Outpatient","definition":"Claims for outpatient institutional admissions."}]}