{"resourceType":"SearchParameter","id":"explanationofbenefit-provider","extension":[{"url":"http://hl7.org/fhir/StructureDefinition/structuredefinition-standards-status","valueCode":"trial-use"}],"url":"http://hl7.org/fhir/us/carin-bb/SearchParameter/explanationofbenefit-provider","version":"1.1.0","name":"ExplanationOfBenefit_Provider","derivedFrom":"http://hl7.org/fhir/SearchParameter/ExplanationOfBenefit-provider","status":"draft","experimental":false,"date":"2019-11-01T09:29:23+11:00","publisher":"HL7 Financial Management Working Group","contact":[{"name":"HL7 Financial Management Working Group","telecom":[{"system":"url","value":"http://www.hl7.org/Special/committees/fm/index.cfm"},{"system":"email","value":"fm@lists.HL7.org"}]}],"description":"The reference to the provider","jurisdiction":[{"coding":[{"system":"urn:iso:std:iso:3166","code":"US"}]}],"code":"provider","base":["ExplanationOfBenefit"],"type":"reference","expression":"ExplanationOfBenefit.provider","xpath":"f:ExplanationOfBenefit/f:provider","xpathUsage":"normal","target":["Practitioner","Organization","PractitionerRole"]}