{"resourceType":"ValueSet","id":"CMSPlaceofServiceCodes","text":{"status":"generated","div":"<div xmlns=\"http://www.w3.org/1999/xhtml\"><ul><li>Include all codes defined in <a href=\"CodeSystem-CMSPlaceofServiceCodes.html\"><code>https://www.cms.gov/Medicare/Coding/place-of-service-codes/Place_of_Service_Code_Set</code></a></li></ul></div>"},"url":"http://hl7.org/fhir/us/carin-bb/ValueSet/CMSPlaceofServiceCodes","version":"1.1.0","name":"CMSPlaceofServiceCodes","title":"CMS Place of Service Codes (POS)","status":"active","date":"2021-07-02T17:56:20+00:00","publisher":"HL7 Financial Management Working Group","contact":[{"name":"HL7 Financial Management Working Group","telecom":[{"system":"url","value":"http://www.hl7.org/Special/committees/fm/index.cfm"},{"system":"email","value":"fm@lists.HL7.org"}]}],"description":"Place of Service Codes are two-digit codes placed on health care professional claims to indicate the setting in which a service was provided. The Centers for Medicare & Medicaid Services (CMS) maintain POS codes used throughout the health care industry.\n\nThis code set is required for use in the implementation guide adopted as the national standard for electronic transmission of professional health care claims under the provisions of the Health Insurance Portability and Accountability Act of 1996 (HIPAA). HIPAA directed the Secretary of HHS to adopt national standards for electronic transactions. These standard transactions require all health plans and providers to use standard code sets to populate data elements in each transaction. The Transaction and Code Set Rule adopted the ASC X12N-837 Health Care Claim: Professional, volumes 1 and 2, version 4010, as the standard for electronic submission of professional claims. This standard names the POS code set currently maintained by CMS as the code set to be used for describing sites of service in such claims. POS information is often needed to determine the acceptability of direct billing of Medicare, Medicaid and private insurance services provided by a given provider.\n\nCurrent codes can be obtained [here](https://www.cms.gov/Medicare/Coding/place-of-service-codes/Place_of_Service_Code_Set)","jurisdiction":[{"coding":[{"system":"urn:iso:std:iso:3166","code":"US"}]}],"copyright":"The Centers for Medicare & Medicaid Services (CMS) maintain Place Of Service (POS) codes used throughout the US health care industry. The CMS POS codes are free to use without restriction.","compose":{"include":[{"system":"https://www.cms.gov/Medicare/Coding/place-of-service-codes/Place_of_Service_Code_Set"}]}}