{"resourceType":"ValueSet","id":"C4BBInstitutionalClaimSubType","text":{"status":"generated","div":"<div xmlns=\"http://www.w3.org/1999/xhtml\"><ul><li>Include all codes defined in <a href=\"CodeSystem-C4BBInstitutionalClaimSubType.html\"><code>http://hl7.org/fhir/us/carin-bb/CodeSystem/C4BBInstitutionalClaimSubType</code></a></li></ul></div>"},"url":"http://hl7.org/fhir/us/carin-bb/ValueSet/C4BBInstitutionalClaimSubType","version":"1.1.0","name":"C4BBInstitutionalClaimSubType","title":"C4BB Institutional Claim SubType","status":"active","date":"2021-07-02T17:56:20+00:00","publisher":"HL7 Financial Management Working Group","contact":[{"name":"HL7 Financial Management Working Group","telecom":[{"system":"url","value":"http://www.hl7.org/Special/committees/fm/index.cfm"},{"system":"email","value":"fm@lists.HL7.org"}]}],"description":"Indicates if institutional ExplanationOfBenefit is inpatient or putpatient.","jurisdiction":[{"coding":[{"system":"urn:iso:std:iso:3166","code":"US"}]}],"copyright":"This CodeSystem is not copyrighted.","compose":{"include":[{"system":"http://hl7.org/fhir/us/carin-bb/CodeSystem/C4BBInstitutionalClaimSubType"}]}}