{"resourceType":"ValueSet","id":"C4BBPatientIdentifierType","text":{"status":"extensions","div":"<div xmlns=\"http://www.w3.org/1999/xhtml\"><p>This value set includes codes based on the following rules:</p><ul><li>Include these codes as defined in <a href=\"CodeSystem-C4BBIdentifierType.html\"><code>http://hl7.org/fhir/us/carin-bb/CodeSystem/C4BBIdentifierType</code></a><table class=\"none\"><tr><td style=\"white-space:nowrap\"><b>Code</b></td><td><b>Display</b></td><td><b>Definition</b></td></tr><tr><td><a href=\"CodeSystem-C4BBIdentifierType.html#C4BBIdentifierType-um\">um</a></td><td>Unique Member ID</td><td>Indicates that the patient identifier is a unique member identifier assigned by a payer across all lines of business</td></tr><tr><td><a href=\"CodeSystem-C4BBIdentifierType.html#C4BBIdentifierType-pat\">pat</a></td><td>Patient Account Number</td><td>Patient Account Number</td></tr></table></li><li>Include these codes as defined in <a href=\"https://terminology.hl7.org/1.0.0//CodeSystem-v2-0203.html\"><code>http://terminology.hl7.org/CodeSystem/v2-0203</code></a><table class=\"none\"><tr><td style=\"white-space:nowrap\"><b>Code</b></td><td><b>Display</b></td><td><b>Definition</b></td></tr><tr><td><a href=\"https://terminology.hl7.org/1.0.0//CodeSystem-v2-0203.html#v2-0203-MB\">MB</a></td><td>Member Number</td><td>An identifier for the insured of an insurance policy (this insured always has a subscriber), usually assigned by the insurance carrier.</td></tr><tr><td><a href=\"https://terminology.hl7.org/1.0.0//CodeSystem-v2-0203.html#v2-0203-MR\">MR</a></td><td>Medical record number</td><td>An identifier that is unique to a patient within a set of medical records, not necessarily unique within an application.</td></tr></table></li></ul></div>"},"url":"http://hl7.org/fhir/us/carin-bb/ValueSet/C4BBPatientIdentifierType","version":"1.1.0","name":"C4BBPatientIdentifierType","title":"C4BB Patient Identifier Type","status":"active","date":"2021-07-02T17:56:20+00:00","publisher":"HL7 Financial Management Working Group","contact":[{"name":"HL7 Financial Management Working Group","telecom":[{"system":"url","value":"http://www.hl7.org/Special/committees/fm/index.cfm"},{"system":"email","value":"fm@lists.HL7.org"}]}],"description":"Identifies the type of identifier payers and providers assign to patients","jurisdiction":[{"coding":[{"system":"urn:iso:std:iso:3166","code":"US"}]}],"copyright":"This Valueset is not copyrighted.","compose":{"include":[{"system":"http://hl7.org/fhir/us/carin-bb/CodeSystem/C4BBIdentifierType","concept":[{"code":"um"},{"code":"pat"}]},{"system":"http://terminology.hl7.org/CodeSystem/v2-0203","concept":[{"code":"MB"},{"code":"MR"}]}]}}