{"resourceType":"ValueSet","id":"C4BBClaimIdentifierType","text":{"status":"extensions","div":"<div xmlns=\"http://www.w3.org/1999/xhtml\"><ul><li>Include these codes as defined in <a href=\"CodeSystem-C4BBIdentifierType.html\"><code>http://hl7.org/fhir/us/carin-bb/CodeSystem/C4BBIdentifierType</code></a><table class=\"none\"><tr><td style=\"white-space:nowrap\"><b>Code</b></td><td><b>Display</b></td><td><b>Definition</b></td></tr><tr><td><a href=\"CodeSystem-C4BBIdentifierType.html#C4BBIdentifierType-uc\">uc</a></td><td>Unique Claim ID</td><td>Indicates that the claim identifier is that assigned by a payer for a claim received from a provider or subscriber</td></tr></table></li></ul></div>"},"url":"http://hl7.org/fhir/us/carin-bb/ValueSet/C4BBClaimIdentifierType","version":"1.1.0","name":"C4BBClaimIdentifierType","title":"C4BB Claim Identifier Type","status":"active","date":"2021-07-02T17:56:20+00:00","publisher":"HL7 Financial Management Working Group","contact":[{"name":"HL7 Financial Management Working Group","telecom":[{"system":"url","value":"http://www.hl7.org/Special/committees/fm/index.cfm"},{"system":"email","value":"fm@lists.HL7.org"}]}],"description":"Indicates that the claim identifier is that assigned by a payer for a claim received from a provider or subscriber","jurisdiction":[{"coding":[{"system":"urn:iso:std:iso:3166","code":"US"}]}],"copyright":"This Valueset is not copyrighted.","compose":{"include":[{"system":"http://hl7.org/fhir/us/carin-bb/CodeSystem/C4BBIdentifierType","concept":[{"code":"uc"}]}]}}