{
  "id": "carin-blue-button-2-organization-may-search-type",
  "url": "https://github.com/fhir-crucible/testscript-generator",
  "version": "0.0",
  "name": "CarinBlueButton2OrganizationMaySearchType",
  "title": "Carin Blue Button 2 Organization May Search Type",
  "status": "draft",
  "experimental": true,
  "date": "2022-09-17T15:43:08-04:00",
  "publisher": "The MITRE Corporation",
  "fixture": [
    {
      "id": "${EXAMPLE_RESOURCE_1}",
      "autocreate": false,
      "autodelete": false,
      "resource": {
        "reference": "fixtures/example_organization.json"
      }
    }
  ],
  "variable": [
    {
      "name": "PQ8r2IOQEa5cGoup",
      "expression": "Organization.id",
      "sourceId": "yr19L0hcvJsAt90I"
    }
  ],
  "setup": {
    "action": [
      {
        "operation": {
          "encodeRequestUrl": false,
          "method": "post",
          "responseId": "yr19L0hcvJsAt90I",
          "sourceId": "${EXAMPLE_RESOURCE_1}"
        }
      }
    ]
  },
  "test": [
    {
      "action": [
        {
          "operation": {
            "resource": "Organization",
            "encodeRequestUrl": false,
            "method": "get",
            "params": "/${PQ8r2IOQEa5cGoup}"
          }
        }
      ]
    }
  ],
  "teardown": {
    "action": [
      {
        "operation": {
          "resource": "Organization",
          "encodeRequestUrl": false,
          "method": "delete",
          "params": "/${PQ8r2IOQEa5cGoup}"
        }
      }
    ]
  },
  "resourceType": "TestScript"
}