{"resourceType":"CodeSystem","id":"C4BBInstitutionalClaimSubType","text":{"status":"generated","div":"<div xmlns=\"http://www.w3.org/1999/xhtml\"><p>This code system <code>http://hl7.org/fhir/us/carin-bb/CodeSystem/C4BBInstitutionalClaimSubType</code> defines the following codes:</p><table class=\"codes\"><tr><td style=\"white-space:nowrap\"><b>Code</b></td><td><b>Display</b></td><td><b>Definition</b></td></tr><tr><td style=\"white-space:nowrap\">inpatient<a name=\"C4BBInstitutionalClaimSubType-inpatient\"> </a></td><td>Inpatient</td><td>Claims for inpatient institutional admissions.</td></tr><tr><td style=\"white-space:nowrap\">outpatient<a name=\"C4BBInstitutionalClaimSubType-outpatient\"> </a></td><td>Outpatient</td><td>Claims for outpatient institutional admissions.</td></tr></table></div>"},"url":"http://hl7.org/fhir/us/carin-bb/CodeSystem/C4BBInstitutionalClaimSubType","version":"2.0.0","name":"C4BBInstitutionalClaimSubType","title":"C4BB Institutional Claim SubType","status":"active","date":"2022-09-17T16:23:44+00:00","publisher":"HL7 Financial Management Working Group","contact":[{"name":"HL7 Financial Management Working Group","telecom":[{"system":"url","value":"http://www.hl7.org/Special/committees/fm"},{"system":"email","value":"fm@lists.HL7.org"}]}],"description":"Indicates if institutional ExplanationOfBenefit is inpatient or outpatient.\n\nThis is a code system defined locally by the CARIN BlueButton IG. As this IG matures, it is expected that this CodeSystem will be migrated to THO (terminology.hl7.org). The current CodeSystem url should be considered temporary and subject to change in a future version.","jurisdiction":[{"coding":[{"system":"urn:iso:std:iso:3166","code":"US"}]}],"copyright":"This CodeSystem is not copyrighted.","caseSensitive":true,"content":"complete","count":2,"concept":[{"code":"inpatient","display":"Inpatient","definition":"Claims for inpatient institutional admissions."},{"code":"outpatient","display":"Outpatient","definition":"Claims for outpatient institutional admissions."}]}