{"resourceType":"CodeSystem","id":"X12AmbulanceTransportReasonCodes","text":{"status":"generated","div":"<div xmlns=\"http://www.w3.org/1999/xhtml\"><p>This code system <code>https://x12.org/codesystem.x12.org/ambulance-transport-reason-codes</code> defines many codes, but they are not represented here</p></div>"},"url":"https://x12.org/codesystem.x12.org/ambulance-transport-reason-codes","version":"2.0.0","name":"X12AmbulanceTransportReasonCodes","title":"X12 Ambulance Transport Reason Codes","status":"active","date":"2022-09-17T16:23:44+00:00","publisher":"HL7 Financial Management Working Group","contact":[{"name":"HL7 Financial Management Working Group","telecom":[{"system":"url","value":"http://www.hl7.org/Special/committees/fm"},{"system":"email","value":"fm@lists.HL7.org"}]}],"description":"X12, chartered by the American National Standards Institute for more than 40 years, develops and maintains EDI standards and XML schemas which drive business processes globally. X12's diverse membership includes technologists and business process experts in health care, insurance, transportation, finance, government, supply chain and other industries.\n\nThe X12 Ambulance Transport Reason Codes indicate the reason for ambulance transport. These codes are listed within an X12 implementation guide (TR3) and maintained by X12.\n\nA list of codes and associated descriptions established, maintained, and published as part of an X12 Standard.\n\nThese codes are listed within an X12 implementation guide maintained by X12. All X12 work products are copyrighted. See https://x12.org/products/licensing-program for licensing terms and conditions.","jurisdiction":[{"coding":[{"system":"urn:iso:std:iso:3166","code":"US"}]}],"copyright":"**Intellectual Property Information**\n\nAll X12 products are subject to this IP policy, including published and draft works.\n\nX12 is the only organization authorized to grant permission for use of X12 products. Users of all X12 products should make sure that they understand the permissible uses, as well as the limitations on such usage, as outlined below.\n\nAdditional IP information can be found here: [https://x12.org/products/ip-use](https://x12.org/products/ip-use)\n\n**Licensing Information**\n\nSend an email to ip@x12.org to request permission to reproduce X12 IP. Include your name, organization, title, address, city, state, zip, email, a detailed description of the Submitted Artifact, including the underlying or cited X12 Product, and a detailed description of the intended audience and planned distribution method for the Artifact.\n\nAdditional information on X12 licensing program can be found here:\n\n[https://x12.org/products/licensing-program](https://x12.org/products/licensing-program)\n\n**Purchasing Information:**\n\nTo purchase code list subscriptions call (425) 562-2245 or email admin@wpc-edi.com.","caseSensitive":true,"content":"not-present"}