{"resourceType":"CodeSystem","id":"C4BBClaimDiagnosisType","text":{"status":"generated","div":"<div xmlns=\"http://www.w3.org/1999/xhtml\"><p>This code system <code>http://hl7.org/fhir/us/carin-bb/CodeSystem/C4BBClaimDiagnosisType</code> defines the following codes:</p><table class=\"codes\"><tr><td style=\"white-space:nowrap\"><b>Code</b></td><td><b>Display</b></td><td><b>Definition</b></td></tr><tr><td style=\"white-space:nowrap\">externalcauseofinjury<a name=\"C4BBClaimDiagnosisType-externalcauseofinjury\"> </a></td><td>External Cause of Injury</td><td>Required when an external cause of injury is needed to describe the injury</td></tr><tr><td style=\"white-space:nowrap\">patientreasonforvisit<a name=\"C4BBClaimDiagnosisType-patientreasonforvisit\"> </a></td><td>Patient Reason for Visit</td><td>Identifies the patient's reason for the outpatient institutional visit</td></tr><tr><td style=\"white-space:nowrap\">other<a name=\"C4BBClaimDiagnosisType-other\"> </a></td><td>Other</td><td>Required when other conditions coexist or develop subsequently during the treatment</td></tr><tr><td style=\"white-space:nowrap\">secondary<a name=\"C4BBClaimDiagnosisType-secondary\"> </a></td><td>Secondary</td><td>Required when necessary to report additional diagnoses on professional and non-clinician claims</td></tr></table></div>"},"url":"http://hl7.org/fhir/us/carin-bb/CodeSystem/C4BBClaimDiagnosisType","version":"2.0.0","name":"C4BBClaimDiagnosisType","title":"C4BB Claim Diagnosis Type","status":"active","date":"2022-09-17T16:23:44+00:00","publisher":"HL7 Financial Management Working Group","contact":[{"name":"HL7 Financial Management Working Group","telecom":[{"system":"url","value":"http://www.hl7.org/Special/committees/fm"},{"system":"email","value":"fm@lists.HL7.org"}]}],"description":"Indicates if the institutional diagnosis is admitting, principal, secondary, other, an external cause of injury or a patient reason for visit.  Complements http://terminology.hl7.org/CodeSystem/ex-diagnosistype.\n\nThis is a code system defined locally by the CARIN BlueButton IG. As this IG matures, it is expected that this CodeSystem will be migrated to THO (terminology.hl7.org). The current CodeSystem url should be considered temporary and subject to change in a future version.","jurisdiction":[{"coding":[{"system":"urn:iso:std:iso:3166","code":"US"}]}],"copyright":"This CodeSystem is not copyrighted.","caseSensitive":true,"content":"complete","count":4,"concept":[{"code":"externalcauseofinjury","display":"External Cause of Injury","definition":"Required when an external cause of injury is needed to describe the injury"},{"code":"patientreasonforvisit","display":"Patient Reason for Visit","definition":"Identifies the patient's reason for the outpatient institutional visit"},{"code":"other","display":"Other","definition":"Required when other conditions coexist or develop subsequently during the treatment"},{"code":"secondary","display":"Secondary","definition":"Required when necessary to report additional diagnoses on professional and non-clinician claims"}]}