{"resourceType":"CodeSystem","id":"C4BBClaimCareTeamRole","text":{"status":"generated","div":"<div xmlns=\"http://www.w3.org/1999/xhtml\"><p>This code system <code>http://hl7.org/fhir/us/carin-bb/CodeSystem/C4BBClaimCareTeamRole</code> defines the following codes:</p><table class=\"codes\"><tr><td style=\"white-space:nowrap\"><b>Code</b></td><td><b>Display</b></td><td><b>Definition</b></td></tr><tr><td style=\"white-space:nowrap\">attending<a name=\"C4BBClaimCareTeamRole-attending\"> </a></td><td>Attending</td><td>The attending physician</td></tr><tr><td style=\"white-space:nowrap\">referring<a name=\"C4BBClaimCareTeamRole-referring\"> </a></td><td>Referring</td><td>The referring physician</td></tr><tr><td style=\"white-space:nowrap\">operating<a name=\"C4BBClaimCareTeamRole-operating\"> </a></td><td>Operating</td><td>The operating physician</td></tr><tr><td style=\"white-space:nowrap\">otheroperating<a name=\"C4BBClaimCareTeamRole-otheroperating\"> </a></td><td>Other Operating</td><td>The other operating physician</td></tr><tr><td style=\"white-space:nowrap\">rendering<a name=\"C4BBClaimCareTeamRole-rendering\"> </a></td><td>Rendering provider</td><td>The performing or rendering provider</td></tr><tr><td style=\"white-space:nowrap\">prescribing<a name=\"C4BBClaimCareTeamRole-prescribing\"> </a></td><td>Prescribing provider</td><td>The prescribing provider</td></tr><tr><td style=\"white-space:nowrap\">purchasedservice<a name=\"C4BBClaimCareTeamRole-purchasedservice\"> </a></td><td>Purchased Service</td><td>A purchased service occurs when one provider purchases a service from another provider and then provides it to the patient, e.g. a diagnostic exam</td></tr></table></div>"},"url":"http://hl7.org/fhir/us/carin-bb/CodeSystem/C4BBClaimCareTeamRole","version":"2.0.0","name":"C4BBClaimCareTeamRole","title":"C4BB Claim Care Team Role","status":"active","date":"2022-09-17T16:23:44+00:00","publisher":"HL7 Financial Management Working Group","contact":[{"name":"HL7 Financial Management Working Group","telecom":[{"system":"url","value":"http://www.hl7.org/Special/committees/fm"},{"system":"email","value":"fm@lists.HL7.org"}]}],"description":"Describes functional roles of the care team members.  Complements http://terminology.hl7.org/CodeSystem/claimcareteamrole.\n\nThis is a code system defined locally by the CARIN BlueButton IG. As this IG matures, it is expected that this CodeSystem will be migrated to THO (terminology.hl7.org). The current CodeSystem url should be considered temporary and subject to change in a future version.","jurisdiction":[{"coding":[{"system":"urn:iso:std:iso:3166","code":"US"}]}],"copyright":"This Code System is not copyrighted.","caseSensitive":true,"content":"complete","count":7,"concept":[{"code":"attending","display":"Attending","definition":"The attending physician"},{"code":"referring","display":"Referring","definition":"The referring physician"},{"code":"operating","display":"Operating","definition":"The operating physician"},{"code":"otheroperating","display":"Other Operating","definition":"The other operating physician"},{"code":"rendering","display":"Rendering provider","definition":"The performing or rendering provider"},{"code":"prescribing","display":"Prescribing provider","definition":"The prescribing provider"},{"code":"purchasedservice","display":"Purchased Service","definition":"A purchased service occurs when one provider purchases a service from another provider and then provides it to the patient, e.g. a diagnostic exam"}]}