{"resourceType":"CodeSystem","id":"C4BBCompoundLiteral","text":{"status":"generated","div":"<div xmlns=\"http://www.w3.org/1999/xhtml\"><p>This code system <code>http://hl7.org/fhir/us/carin-bb/CodeSystem/C4BBCompoundLiteral</code> defines the following codes:</p><table class=\"codes\"><tr><td style=\"white-space:nowrap\"><b>Code</b></td><td><b>Definition</b></td></tr><tr><td style=\"white-space:nowrap\">compound<a name=\"C4BBCompoundLiteral-compound\"> </a></td><td>Compound</td></tr></table></div>"},"url":"http://hl7.org/fhir/us/carin-bb/CodeSystem/C4BBCompoundLiteral","version":"2.0.0","name":"C4BBCompoundLiteral","title":"C4BB Compound Literal","status":"active","date":"2022-09-17T16:23:44+00:00","publisher":"HL7 Financial Management Working Group","contact":[{"name":"HL7 Financial Management Working Group","telecom":[{"system":"url","value":"http://www.hl7.org/Special/committees/fm"},{"system":"email","value":"fm@lists.HL7.org"}]}],"description":"CodeSystem for a Literal 'compound' value.\n\nThis is a code system defined locally by the CARIN BlueButton IG. As this IG matures, it is expected that this CodeSystem will be migrated to THO (terminology.hl7.org). The current CodeSystem url should be considered temporary and subject to change in a future version.","jurisdiction":[{"coding":[{"system":"urn:iso:std:iso:3166","code":"US"}]}],"copyright":"This CodeSystem is not copyrighted.","caseSensitive":true,"content":"complete","count":1,"concept":[{"code":"compound","display":"compound","definition":"Compound"}]}