{"resourceType":"SearchParameter","id":"explanationofbenefit-service-start-date","meta":{"versionId":"1","lastUpdated":"2021-11-05T06:41:13.000+00:00"},"extension":[{"url":"http://hl7.org/fhir/StructureDefinition/structuredefinition-standards-status","valueCode":"trial-use"}],"url":"http://hl7.org/fhir/us/carin-bb/SearchParameter/explanationofbenefit-service-start-date","version":"2.0.0","name":"ExplanationOfBenefit_ServiceStartDate","status":"active","experimental":false,"date":"2021-11-05T09:48:45+00:00","publisher":"HL7 Financial Management Working Group","contact":[{"name":"HL7 Financial Management Working Group","telecom":[{"system":"url","value":"http://www.hl7.org/Special/committees/fm"},{"system":"email","value":"fm@lists.HL7.org"}]}],"description":"Starting Date of the service for the EOB. The service-start-date search parameter simplifies search, since a client doesn't need to know that for inpatient and outpatient institutional EOB dates they need to search by billablePeriod.start, for a pharmacy EOB by item.servicedDate, for a professional and non-clinician EOB - by item.servicedPeriod.start and for an oral EOB – by item.servicedPeriod.start.","jurisdiction":[{"coding":[{"system":"urn:iso:std:iso:3166","code":"US"}]}],"code":"service-start-date","base":["ExplanationOfBenefit"],"type":"date","expression":"ExplanationOfBenefit.billablePeriod.start | ExplanationOfBenefit.item.servicedDate | ExplanationOfBenefit.item.servicedPeriod.start","xpathUsage":"normal","comparator":["eq","ne","gt","ge","lt","le","sa","eb","ap"]}