{"resourceType":"SearchParameter","id":"explanationofbenefit-identifier","meta":{"versionId":"1","lastUpdated":"2020-03-31T06:41:13.000+00:00"},"extension":[{"url":"http://hl7.org/fhir/StructureDefinition/structuredefinition-standards-status","valueCode":"trial-use"}],"url":"http://hl7.org/fhir/us/carin-bb/SearchParameter/explanationofbenefit-identifier","version":"2.0.0","name":"ExplanationOfBenefit_Identifier","derivedFrom":"http://hl7.org/fhir/SearchParameter/ExplanationOfBenefit-identifier","status":"draft","experimental":false,"date":"2020-03-31T19:48:45+10:00","publisher":"HL7 Financial Management Working Group","contact":[{"name":"HL7 Financial Management Working Group","telecom":[{"system":"url","value":"http://www.hl7.org/Special/committees/fm"},{"system":"email","value":"fm@lists.HL7.org"}]}],"description":"The business/claim identifier of the Explanation of Benefit","jurisdiction":[{"coding":[{"system":"urn:iso:std:iso:3166","code":"US"}]}],"code":"identifier","base":["ExplanationOfBenefit"],"type":"token","expression":"ExplanationOfBenefit.identifier","xpathUsage":"normal"}