{"resourceType":"SearchParameter","id":"explanationofbenefit-service-date","meta":{"versionId":"1","lastUpdated":"2020-03-31T06:41:13.000+00:00"},"extension":[{"url":"http://hl7.org/fhir/StructureDefinition/structuredefinition-standards-status","valueCode":"trial-use"}],"url":"http://hl7.org/fhir/us/carin-bb/SearchParameter/explanationofbenefit-service-date","version":"2.0.0","name":"ExplanationOfBenefit_ServiceDate","status":"active","experimental":false,"date":"2020-03-31T09:48:45+00:00","publisher":"HL7 Financial Management Working Group","contact":[{"name":"HL7 Financial Management Working Group","telecom":[{"system":"url","value":"http://www.hl7.org/Special/committees/fm"},{"system":"email","value":"fm@lists.HL7.org"}]}],"description":"Date of the service for the EOB. The service-date search parameter simplifies search, since a client doesn't need to know that for inpatient and outpatient institutional EOB dates they need to search by billablePeriod, for a pharmacy EOB by item.servicedDate, for a professional and non-clinician EOB - by item.servicedPeriod and for an oral EOB – by item.servicedPeriod.","jurisdiction":[{"coding":[{"system":"urn:iso:std:iso:3166","code":"US"}]}],"code":"service-date","base":["ExplanationOfBenefit"],"type":"date","expression":"ExplanationOfBenefit.billablePeriod | ExplanationOfBenefit.item.serviced","xpathUsage":"normal","comparator":["eq","ne","gt","ge","lt","le","sa","eb","ap"]}