{"resourceType":"SearchParameter","id":"explanationofbenefit-patient","meta":{"versionId":"1","lastUpdated":"2019-12-16T06:41:13.000+00:00"},"extension":[{"url":"http://hl7.org/fhir/StructureDefinition/structuredefinition-standards-status","valueCode":"trial-use"}],"url":"http://hl7.org/fhir/us/carin-bb/SearchParameter/explanationofbenefit-patient","version":"2.0.0","name":"ExplanationOfBenefit_Patient","derivedFrom":"http://hl7.org/fhir/SearchParameter/ExplanationOfBenefit-patient","status":"active","experimental":false,"date":"2019-12-01T09:48:45+00:00","publisher":"HL7 Financial Management Working Group","contact":[{"name":"HL7 Financial Management Working Group","telecom":[{"system":"url","value":"http://www.hl7.org/Special/committees/fm"},{"system":"email","value":"fm@lists.HL7.org"}]}],"description":"The reference to the patient","jurisdiction":[{"coding":[{"system":"urn:iso:std:iso:3166","code":"US"}]}],"code":"patient","base":["ExplanationOfBenefit"],"type":"reference","expression":"ExplanationOfBenefit.patient","xpathUsage":"normal","target":["Patient"]}