{"resourceType":"SearchParameter","id":"explanationofbenefit-coverage","extension":[{"url":"http://hl7.org/fhir/StructureDefinition/structuredefinition-standards-status","valueCode":"trial-use"}],"url":"http://hl7.org/fhir/us/carin-bb/SearchParameter/explanationofbenefit-coverage","version":"2.0.0","name":"ExplanationOfBenefit_Coverage","derivedFrom":"http://hl7.org/fhir/SearchParameter/ExplanationOfBenefit-coverage","status":"draft","experimental":false,"date":"2019-11-01T09:29:23+11:00","publisher":"HL7 Financial Management Working Group","contact":[{"name":"HL7 Financial Management Working Group","telecom":[{"system":"url","value":"http://www.hl7.org/Special/committees/fm"},{"system":"email","value":"fm@lists.HL7.org"}]}],"description":"The plan under which the claim was adjudicated","jurisdiction":[{"coding":[{"system":"urn:iso:std:iso:3166","code":"US"}]}],"code":"coverage","base":["ExplanationOfBenefit"],"type":"reference","expression":"ExplanationOfBenefit.insurance.coverage","xpathUsage":"normal","target":["Coverage"]}