{"resourceType":"SearchParameter","id":"explanationofbenefit-care-team","extension":[{"url":"http://hl7.org/fhir/StructureDefinition/structuredefinition-standards-status","valueCode":"trial-use"}],"url":"http://hl7.org/fhir/us/carin-bb/SearchParameter/explanationofbenefit-care-team","version":"2.0.0","name":"ExplanationOfBenefit_Careteam","derivedFrom":"http://hl7.org/fhir/SearchParameter/ExplanationOfBenefit-care-team","status":"draft","experimental":false,"date":"2019-11-01T09:29:23+11:00","publisher":"HL7 Financial Management Working Group","contact":[{"name":"HL7 Financial Management Working Group","telecom":[{"system":"url","value":"http://www.hl7.org/Special/committees/fm"},{"system":"email","value":"fm@lists.HL7.org"}]}],"description":"Member of the CareTeam","jurisdiction":[{"coding":[{"system":"urn:iso:std:iso:3166","code":"US"}]}],"code":"care-team","base":["ExplanationOfBenefit"],"type":"reference","expression":"ExplanationOfBenefit.careTeam.provider","xpathUsage":"normal","target":["Practitioner","Organization","PractitionerRole"]}