{"resourceType":"SearchParameter","id":"explanationofbenefit-billable-period-start","meta":{"versionId":"1","lastUpdated":"2021-04-20T10:19:00.000+00:00"},"extension":[{"url":"http://hl7.org/fhir/StructureDefinition/structuredefinition-standards-status","valueCode":"trial-use"}],"url":"http://hl7.org/fhir/us/carin-bb/SearchParameter/explanationofbenefit-billable-period-start","version":"2.0.0","name":"ExplanationOfBenefit_BillablePeriodStart","status":"active","experimental":false,"date":"2022-04-20T10:19:00+00:00","publisher":"HL7 Financial Management Working Group","contact":[{"name":"HL7 Financial Management Working Group","telecom":[{"system":"url","value":"http://www.hl7.org/Special/committees/fm"},{"system":"email","value":"fm@lists.HL7.org"}]}],"description":"Starting Date of the service for the EOB using billablePeriod.period.start. The billable-period-start search parameter using the billablePeriod.period.start provides results with the earliest billablePeriod.start from a professional and non-clinician EOB or an oral EOB.","jurisdiction":[{"coding":[{"system":"urn:iso:std:iso:3166","code":"US"}]}],"code":"billable-period-start","base":["ExplanationOfBenefit"],"type":"date","expression":"ExplanationOfBenefit.billablePeriod.start","xpathUsage":"normal","comparator":["eq","ne","gt","ge","lt","le","sa","eb","ap"]}