{"resourceType":"SearchParameter","id":"explanationofbenefit-insurer","meta":{"versionId":"1","lastUpdated":"2020-03-31T06:41:13.000+00:00"},"extension":[{"url":"http://hl7.org/fhir/StructureDefinition/structuredefinition-standards-status","valueCode":"trial-use"}],"url":"http://hl7.org/fhir/us/carin-bb/SearchParameter/explanationofbenefit-insurer","version":"2.0.0","name":"ExplanationOfBenefit_Insurer","status":"active","experimental":false,"date":"2020-03-31T09:48:45+00:00","publisher":"HL7 Financial Management Working Group","contact":[{"name":"HL7 Financial Management Working Group","telecom":[{"system":"url","value":"http://www.hl7.org/Special/committees/fm"},{"system":"email","value":"fm@lists.HL7.org"}]}],"description":"The party responsible for the claim","jurisdiction":[{"coding":[{"system":"urn:iso:std:iso:3166","code":"US"}]}],"code":"insurer","base":["ExplanationOfBenefit"],"type":"reference","expression":"ExplanationOfBenefit.insurer","xpathUsage":"normal","target":["Organization"]}