{"resourceType":"ValueSet","id":"OralBodySite","text":{"status":"generated","div":"<div xmlns=\"http://www.w3.org/1999/xhtml\"><p>This value set includes codes based on the following rules:</p><ul><li>Include all codes defined in <a href=\"http://terminology.hl7.org/4.0.0/CodeSystem-ADAUniversalToothDesignationSystem.html\"><code>http://terminology.hl7.org/CodeSystem/ADAUniversalToothDesignationSystem</code></a></li><li>Include all codes defined in <a href=\"http://terminology.hl7.org/4.0.0/CodeSystem-ADAAreaOralCavitySystem.html\"><code>http://terminology.hl7.org/CodeSystem/ADAAreaOralCavitySystem</code></a></li></ul></div>"},"url":"http://hl7.org/fhir/us/carin-bb/ValueSet/OralBodySite","version":"2.0.0","name":"OralBodySite","title":"Oral Body Site Value Set","status":"active","date":"2022-09-17T16:23:44+00:00","publisher":"HL7 Financial Management Working Group","contact":[{"name":"HL7 Financial Management Working Group","telecom":[{"system":"url","value":"http://www.hl7.org/Special/committees/fm"},{"system":"email","value":"fm@lists.HL7.org"}]}],"description":"Oral Body Site indicating tooth numbers and area of oral cavity.","jurisdiction":[{"coding":[{"system":"urn:iso:std:iso:3166","code":"US"}]}],"copyright":"American Dental Association (ADA) developed Current Dental Terminology (CDT®) as a standardized language to help dentists and other members of the healthcare industry communicate effectively. CDT is revised and updated every year.\n\nThe ADA is the exclusive copyright owner of CDT, the Code on Dental Procedures and Nomenclature (the Code), and the ADA Dental Claim Form. Except as permitted by law, all use, copying or distribution of CDT, or any portion thereof (including the Code on Dental Procedures and Nomenclature) in any product or services (including works prepared for clients by consultants and other professionals), whether in printed, electronic or other format, requires a valid commercial user license from the ADA.\n\nFor more information : https://www.ada.org/en/publications/ada-catalog/cdt-products/licensing-for-commercial-users","compose":{"include":[{"system":"http://terminology.hl7.org/CodeSystem/ADAUniversalToothDesignationSystem"},{"system":"http://terminology.hl7.org/CodeSystem/ADAAreaOralCavitySystem"}]}}