{"resourceType":"ValueSet","id":"C4BBAdjudicationCategoryDiscriminator","text":{"status":"generated","div":"<div xmlns=\"http://www.w3.org/1999/xhtml\"><p>This value set includes codes based on the following rules:</p><ul><li>Import all the codes that are contained in <a href=\"ValueSet-C4BBAdjudication.html\">http://hl7.org/fhir/us/carin-bb/ValueSet/C4BBAdjudication</a></li><li>Include all codes defined in <a href=\"CodeSystem-C4BBAdjudicationDiscriminator.html\"><code>http://hl7.org/fhir/us/carin-bb/CodeSystem/C4BBAdjudicationDiscriminator</code></a></li></ul></div>"},"url":"http://hl7.org/fhir/us/carin-bb/ValueSet/C4BBAdjudicationCategoryDiscriminator","version":"2.0.0","name":"C4BBAdjudicationCategoryDiscriminator","title":"C4BB Adjudication Category Discriminator","status":"active","date":"2022-09-17T16:23:44+00:00","publisher":"HL7 Financial Management Working Group","contact":[{"name":"HL7 Financial Management Working Group","telecom":[{"system":"url","value":"http://www.hl7.org/Special/committees/fm"},{"system":"email","value":"fm@lists.HL7.org"}]}],"description":"Used as the discriminator for adjudication.category and item.adjudication.category for the CARIN IG for Blue Button®","jurisdiction":[{"coding":[{"system":"urn:iso:std:iso:3166","code":"US"}]}],"copyright":"This Valueset is not copyrighted.","compose":{"include":[{"valueSet":["http://hl7.org/fhir/us/carin-bb/ValueSet/C4BBAdjudication"]},{"system":"http://hl7.org/fhir/us/carin-bb/CodeSystem/C4BBAdjudicationDiscriminator"}]}}