{"resourceType":"ValueSet","id":"C4BBPayerProviderNetworkStatus","text":{"status":"extensions","div":"<div xmlns=\"http://www.w3.org/1999/xhtml\"><ul><li>Include these codes as defined in <a href=\"CodeSystem-C4BBPayerAdjudicationStatus.html\"><code>http://hl7.org/fhir/us/carin-bb/CodeSystem/C4BBPayerAdjudicationStatus</code></a><table class=\"none\"><tr><td style=\"white-space:nowrap\"><b>Code</b></td><td><b>Display</b></td><td><b>Definition</b></td></tr><tr><td><a href=\"CodeSystem-C4BBPayerAdjudicationStatus.html#C4BBPayerAdjudicationStatus-innetwork\">innetwork</a></td><td>In Network</td><td>Indicates an in network status in relation to a patient's coverage</td></tr><tr><td><a href=\"CodeSystem-C4BBPayerAdjudicationStatus.html#C4BBPayerAdjudicationStatus-outofnetwork\">outofnetwork</a></td><td>Out Of Network</td><td>Indicates a not in network status in relation to a patient's coverage</td></tr></table></li></ul></div>"},"url":"http://hl7.org/fhir/us/carin-bb/ValueSet/C4BBPayerProviderNetworkStatus","version":"2.0.0","name":"C4BBPayerProviderNetworkStatus","title":"C4BB Payer Provider Network Status","status":"active","date":"2022-09-17T16:23:44+00:00","publisher":"HL7 Financial Management Working Group","contact":[{"name":"HL7 Financial Management Working Group","telecom":[{"system":"url","value":"http://www.hl7.org/Special/committees/fm"},{"system":"email","value":"fm@lists.HL7.org"}]}],"description":"Indicates the provider network status in relation to a patient's coverage as of the effective date of service or admission.","jurisdiction":[{"coding":[{"system":"urn:iso:std:iso:3166","code":"US"}]}],"copyright":"This Valueset is not copyrighted.","compose":{"include":[{"system":"http://hl7.org/fhir/us/carin-bb/CodeSystem/C4BBPayerAdjudicationStatus","concept":[{"code":"innetwork","display":"In Network"},{"code":"outofnetwork","display":"Out Of Network"}]}]}}