{"resourceType":"ValueSet","id":"C4BBRelatedClaimRelationshipCodes","text":{"status":"extensions","div":"<div xmlns=\"http://www.w3.org/1999/xhtml\"><p>This value set includes codes based on the following rules:</p><ul><li>Include these codes as defined in <a href=\"http://terminology.hl7.org/4.0.0/CodeSystem-ex-relatedclaimrelationship.html\"><code>http://terminology.hl7.org/CodeSystem/ex-relatedclaimrelationship</code></a><table class=\"none\"><tr><td style=\"white-space:nowrap\"><b>Code</b></td><td><b>Display</b></td><td><b>Definition</b></td></tr><tr><td><a href=\"http://terminology.hl7.org/4.0.0/CodeSystem-ex-relatedclaimrelationship.html#ex-relatedclaimrelationship-prior\">prior</a></td><td>Prior Claim</td><td>A prior claim instance for the same intended suite of services.</td></tr></table></li><li>Include these codes as defined in <a href=\"CodeSystem-C4BBRelatedClaimRelationshipCodes.html\"><code>http://hl7.org/fhir/us/carin-bb/CodeSystem/C4BBRelatedClaimRelationshipCodes</code></a><table class=\"none\"><tr><td style=\"white-space:nowrap\"><b>Code</b></td><td><b>Display</b></td><td><b>Definition</b></td></tr><tr><td><a href=\"CodeSystem-C4BBRelatedClaimRelationshipCodes.html#C4BBRelatedClaimRelationshipCodes-replacedby\">replacedby</a></td><td>Replaced by claim number</td><td>The current claim has been adjusted; i.e., replaced by or merged to another claim number.</td></tr></table></li></ul></div>"},"url":"http://hl7.org/fhir/us/carin-bb/ValueSet/C4BBRelatedClaimRelationshipCodes","version":"2.0.0","name":"C4BBRelatedClaimRelationshipCodes","title":"C4BB Related Claim Relationship Codes","status":"active","date":"2022-09-17T16:23:44+00:00","publisher":"HL7 Financial Management Working Group","contact":[{"name":"HL7 Financial Management Working Group","telecom":[{"system":"url","value":"http://www.hl7.org/Special/committees/fm"},{"system":"email","value":"fm@lists.HL7.org"}]}],"description":"Identifies if the current claim represents a claim that has been adjusted and was given a prior claim number or if the current claim has been adjusted; i.e., replaced by or merged to another claim number.","jurisdiction":[{"coding":[{"system":"urn:iso:std:iso:3166","code":"US"}]}],"copyright":"This Valueset is not copyrighted.","compose":{"include":[{"system":"http://terminology.hl7.org/CodeSystem/ex-relatedclaimrelationship","concept":[{"code":"prior"}]},{"system":"http://hl7.org/fhir/us/carin-bb/CodeSystem/C4BBRelatedClaimRelationshipCodes","concept":[{"code":"replacedby"}]}]}}