{"resourceType":"ValueSet","id":"C4BBProfessionalAndNonClinicianClaimType","text":{"status":"extensions","div":"<div xmlns=\"http://www.w3.org/1999/xhtml\"><ul><li>Include these codes as defined in <a href=\"http://terminology.hl7.org/4.0.0/CodeSystem-claim-type.html\"><code>http://terminology.hl7.org/CodeSystem/claim-type</code></a><table class=\"none\"><tr><td style=\"white-space:nowrap\"><b>Code</b></td><td><b>Display</b></td><td><b>Definition</b></td></tr><tr><td><a href=\"http://terminology.hl7.org/4.0.0/CodeSystem-claim-type.html#claim-type-professional\">professional</a></td><td>Professional</td><td>Typically, outpatient claims from Physician, Psychological, Chiropractor, Physiotherapy, Speech Pathology, rehabilitative, consulting.</td></tr><tr><td><a href=\"http://terminology.hl7.org/4.0.0/CodeSystem-claim-type.html#claim-type-vision\">vision</a></td><td>Vision</td><td>Vision claims for professional services and products such as glasses and contact lenses.</td></tr></table></li></ul></div>"},"url":"http://hl7.org/fhir/us/carin-bb/ValueSet/C4BBProfessionalAndNonClinicianClaimType","version":"2.0.0","name":"C4BBProfessionalAndNonClinicianClaimType","title":"C4BB Professional And Non Clinician Claim Type","status":"active","date":"2022-09-17T16:23:44+00:00","publisher":"HL7 Financial Management Working Group","contact":[{"name":"HL7 Financial Management Working Group","telecom":[{"system":"url","value":"http://www.hl7.org/Special/committees/fm"},{"system":"email","value":"fm@lists.HL7.org"}]}],"description":"This value set includes Professional and Non Clinician Claim Type codes.","jurisdiction":[{"coding":[{"system":"urn:iso:std:iso:3166","code":"US"}]}],"copyright":"This Valueset is not copyrighted.","compose":{"include":[{"system":"http://terminology.hl7.org/CodeSystem/claim-type","concept":[{"code":"professional"},{"code":"vision"}]}]}}