{"resourceType":"ValueSet","id":"C4BBClaimProcedureType","text":{"status":"generated","div":"<div xmlns=\"http://www.w3.org/1999/xhtml\"><ul><li>Include all codes defined in <a href=\"CodeSystem-C4BBClaimProcedureType.html\"><code>http://hl7.org/fhir/us/carin-bb/CodeSystem/C4BBClaimProcedureType</code></a></li></ul></div>"},"url":"http://hl7.org/fhir/us/carin-bb/ValueSet/C4BBClaimProcedureType","version":"2.0.0","name":"C4BBClaimProcedureType","title":"C4BB Claim Procedure Type","status":"active","date":"2022-09-17T16:23:44+00:00","publisher":"HL7 Financial Management Working Group","contact":[{"name":"HL7 Financial Management Working Group","telecom":[{"system":"url","value":"http://www.hl7.org/Special/committees/fm"},{"system":"email","value":"fm@lists.HL7.org"}]}],"description":"Indicates if the inpatient institutional procedure (ICD-PCS) is the principal procedure or another procedure","jurisdiction":[{"coding":[{"system":"urn:iso:std:iso:3166","code":"US"}]}],"copyright":"This Value Set is not copyrighted.","compose":{"include":[{"system":"http://hl7.org/fhir/us/carin-bb/CodeSystem/C4BBClaimProcedureType"}]}}