{"resourceType":"ValueSet","id":"C4BBSupportingInfoType","text":{"status":"generated","div":"<div xmlns=\"http://www.w3.org/1999/xhtml\"><ul><li>Include all codes defined in <a href=\"CodeSystem-C4BBSupportingInfoType.html\"><code>http://hl7.org/fhir/us/carin-bb/CodeSystem/C4BBSupportingInfoType</code></a></li></ul></div>"},"url":"http://hl7.org/fhir/us/carin-bb/ValueSet/C4BBSupportingInfoType","version":"2.0.0","name":"C4BBSupportingInfoType","title":"C4BB SupportingInfo Type","status":"active","date":"2022-09-17T16:23:44+00:00","publisher":"HL7 Financial Management Working Group","contact":[{"name":"HL7 Financial Management Working Group","telecom":[{"system":"url","value":"http://www.hl7.org/Special/committees/fm"},{"system":"email","value":"fm@lists.HL7.org"}]}],"description":"Used as the discriminator for the types of supporting information for the CARIN IG for Blue Button� Implementation Guide.","jurisdiction":[{"coding":[{"system":"urn:iso:std:iso:3166","code":"US"}]}],"copyright":"This Valueset is not copyrighted.","compose":{"include":[{"system":"http://hl7.org/fhir/us/carin-bb/CodeSystem/C4BBSupportingInfoType"}]}}