{"resourceType":"ValueSet","id":"AHANUBCTypeOfBill","text":{"status":"generated","div":"<div xmlns=\"http://www.w3.org/1999/xhtml\"><ul><li>Include all codes defined in <code>http://terminology.hl7.org/CodeSystem/AHANUBCTypeOfBill</code></li></ul></div>"},"url":"http://hl7.org/fhir/us/carin-bb/ValueSet/AHANUBCTypeOfBill","version":"2.0.0","name":"AHANUBCTypeOfBill","title":"NUBC Type of Bill Codes","status":"active","date":"2022-09-17T16:23:44+00:00","publisher":"HL7 Financial Management Working Group","contact":[{"name":"HL7 Financial Management Working Group","telecom":[{"system":"url","value":"http://www.hl7.org/Special/committees/fm"},{"system":"email","value":"fm@lists.HL7.org"}]}],"description":"The UB-04 Data File contains the complete set of NUBC codes. Every code in the range of possible codes is accounted for sequentially. There are no gaps because all used and unused codes are identified.\n\nThis code system consists of the following:\n\n*   FL 04 - Type of Bill Facility Codes\n*   FL 04 - Type of Bill Frequency Codes\n\nA code indicating the specific Type of Bill (TOB), e.g., hospital inpatient, outpatient, replacements, voids, etc. The first digit is a leading zero\\*. The fourth digit defines the frequency of the bill for the institutional and electronic professional claim.\n\nNote that with the advent of UB-04, the matrix methodology of constructing the first component of TOB codes according to digit position was abandoned in favor of specifying valid discrete codes. As a result, the first three digits in TOB have no underlying meaning.\n\nTo obtain the underlying code systems, please see information [here](https://www.nubc.org/subscription-information)","jurisdiction":[{"coding":[{"system":"urn:iso:std:iso:3166","code":"US"}]}],"copyright":"Licensing information can be found [here](https://www.nubc.org/license).\n\nThese codes are listed within the UB-04 Data Specifications Manual. The Official UB-04 Data Specifications Manual, copyrighted by the American Hospital Association, is the only official source of UB-04 billing information adopted by the National Uniform Billing Committee. No other publication—governmental or private/commercial—can be considered authoritative. The AHA wants to make you aware that the use of codes, descriptions, or any other content contained in the manual to be used in a software application, publication, or any other derivative work must be properly licensed by the AHA. If your organization uses or intends to use any of the codes or other related content from the manual in this manner, please contact the AHA’s licensing manager, Tim Carlson, at 312.893.6816 or email tcarlson@aha.org","compose":{"include":[{"system":"http://terminology.hl7.org/CodeSystem/AHANUBCTypeOfBill"}]}}